{"loss": [1.0661036968231201, 0.5555599331855774, 0.4209841787815094, 0.2954418957233429, 0.21727323532104492, 0.18102240562438965, 0.16405372321605682, 0.15157929062843323, 0.12724828720092773, 0.11889830976724625, 0.0994330421090126, 0.0981157049536705, 0.10090278834104538, 0.08336692303419113, 0.07170926779508591, 0.07865314930677414, 0.06812044233083725], "acc": [0.5215275287628174, 0.7734930515289307, 0.8425683379173279, 0.9152002930641174, 0.9378510117530823, 0.9475851655006409, 0.9509546756744385, 0.9561961889266968, 0.9634968042373657, 0.9664919376373291, 0.9715462327003479, 0.9724822044372559, 0.9694870710372925, 0.9747285842895508, 0.9795956611633301, 0.9771621227264404, 0.9786596894264221], "val_loss": [1.2988439798355103, 0.90614914894104, 0.5093162059783936, 0.28345125913619995, 0.2201799601316452, 0.22606569528579712, 0.21218489110469818, 0.21811603009700775, 0.2428833544254303, 0.22055894136428833, 0.22079381346702576, 0.20890776813030243, 0.22531719505786896, 0.22240358591079712, 0.24126142263412476, 0.23492451012134552, 0.2398453801870346], "val_acc": [0.636244535446167, 0.7912663817405701, 0.9043667912483215, 0.9248908162117004, 0.9353711605072021, 0.9401746988296509, 0.9384279251098633, 0.937117874622345, 0.9358078837394714, 0.9384279251098633, 0.9419214129447937, 0.9393013119697571, 0.9340611100196838, 0.9423580765724182, 0.9375545978546143, 0.9388646483421326, 0.9393013119697571]}